{"train/global_step":60,"_timestamp":1.7393691642103891e+09,"_wandb":{"runtime":84},"train_steps_per_second":0.737,"train_loss":1.6432297706604004,"train/epoch":8.64,"train/loss":1.6256,"eval/steps_per_second":7.654,"total_flos":1.327646902321152e+15,"_step":18,"train/learning_rate":0,"train_samples_per_second":24.581,"train/grad_norm":0.18397516012191772,"eval/samples_per_second":54.675,"train_runtime":81.3623,"_runtime":84.69343266999999,"eval/runtime":0.9145,"eval/loss":1.55295729637146}