{"train_runtime":78.2706,"_wandb":{"runtime":81},"_runtime":81.013917008,"eval/samples_per_second":55.162,"eval/runtime":0.9064,"train/grad_norm":1.0019086599349976,"train_samples_per_second":25.552,"eval/steps_per_second":7.723,"train/epoch":8.64,"train/learning_rate":0,"total_flos":1.29259674796032e+15,"train_loss":1.6452964385350546,"_step":18,"train/loss":1.6291,"_timestamp":1.7393688661778293e+09,"train_steps_per_second":0.767,"eval/loss":1.5556443929672241,"train/global_step":60}