{"train/global_step":60,"train_steps_per_second":0.755,"_timestamp":1.7393690403292637e+09,"train_loss":1.643261440594991,"eval/loss":1.5531238317489624,"_wandb":{"runtime":82},"train_samples_per_second":25.176,"train/learning_rate":0,"train_runtime":79.44,"_step":18,"train/grad_norm":0.2609139084815979,"train/epoch":8.64,"eval/steps_per_second":7.661,"train/loss":1.6257,"eval/samples_per_second":54.723,"eval/runtime":0.9137,"_runtime":82.537656176,"total_flos":1.3095565000704e+15}