{"train_steps_per_second":0.771,"_timestamp":1.739368653390427e+09,"_wandb":{"runtime":81},"eval/loss":1.6945568323135376,"eval/steps_per_second":7.716,"train/grad_norm":1.019877552986145,"train/loss":1.6279,"eval/samples_per_second":55.114,"train_loss":1.6445400873819986,"train_runtime":77.862,"train_samples_per_second":25.686,"total_flos":1.29259674796032e+15,"_step":19,"train/learning_rate":0,"_runtime":81.481434067,"eval/runtime":0.9072,"train/epoch":8.64,"train/global_step":60}