{"eval/runtime":0.9972,"_step":18,"train_loss":1.6457517544428508,"train/global_step":60,"train/grad_norm":0.064387246966362,"_wandb":{"runtime":117},"train_runtime":112.606,"total_flos":1.58091253383168e+15,"_runtime":117.327044166,"train/learning_rate":0,"eval/samples_per_second":50.14,"train_steps_per_second":0.533,"train/epoch":8.64,"_timestamp":1.7393693761705585e+09,"eval/loss":1.5569970607757568,"train_samples_per_second":17.761,"train/loss":1.6303,"eval/steps_per_second":7.02}